"simple":"SCG3":"2,6,23":0:"Smart Strip SCG3 Energy Saving Power Strip with Autoswitching Technology":"smart-strip-scg3-energy-saving-power-strip-with-autoswitching-technology":"/S/C/SCG3_2.jpg":"/S/C/SCG3_2.jpg":"/S/C/SCG3_2.jpg":"smart-strip-scg3-energy-saving-power-strip-with-autoswitching-technology":29.99:2:"Enabled":"Smart Strip SCG3 Energy Saving Power Strip with Autoswitching Technology":"Smart Strip"
"simple":"BAGGU-6":2:1:"BAGGU Reusable Shopping Tote Bags - 6-Pack":"baggu-reusable-shopping-tote-bags-6-pack":"/b/a/baggu-6-pack_1.jpg":"/b/a/baggu-6-pack_1.jpg":"/b/a/baggu-6-pack_1.jpg":"baggu-reusable-shopping-tote-bags-6-pack":49.99:4:"Enabled":"BAGGU Reusable Shopping Tote Bags - 6-Pack":"Baggu"
"simple":"SCG4":"2,6,23":0:"Smart Strip SCG4 Energy Saving Power Strip with Autoswitching Technology and Fax/Modem Surge Protection":"smart-strip-scg4-energy-saving-power-strip-with-autoswitching-technology-and-fax-modem-surge-protection":"/S/C/SCG4_1.jpg":"/S/C/SCG4_1.jpg":"/S/C/SCG4_1.jpg":"smart-strip-scg4-energy-saving-power-strip-with-autoswitching-technology-and-fax-modem-surge-protection":29.99:2:"Enabled":"Smart Strip SCG4 Energy Saving Power Strip with Autoswitching Technology and Fax/Modem Surge Protection":"Smart Strip"
"simple":"SCG5":"2,6,23":0:"Smart Strip SCG5 Energy Saving Power Strip with Autoswitching Technology and Coaxial Surge Protection":"smart-strip-scg5-energy-saving-power-strip-with-autoswitching-technology-and-coaxial-surge-protection":"/S/C/SCG5.jpg":"/S/C/SCG5.jpg":"/S/C/SCG5.jpg":"smart-strip-scg5-energy-saving-power-strip-with-autoswitching-technology-and-coaxial-surge-protection":34.99:2:"Enabled":"Smart Strip SCG5 Energy Saving Power Strip with Autoswitching Technology and Coaxial Surge Protection":"Smart Strip"
"simple":"LCG3":"2,6,23":0:"Smart Strip LCG3 Energy Saving Power Strip with Autoswitching Technology":"smart-strip-lcg3-energy-saving-power-strip-with-autoswitching-technology":"/L/C/LCG3.jpg":"/L/C/LCG3.jpg":"/L/C/LCG3.jpg":"smart-strip-lcg3-energy-saving-power-strip-with-autoswitching-technology":39.99:2:"Enabled":"Smart Strip LCG3 Energy Saving Power Strip with Autoswitching Technology":"Smart Strip"
"simple":"LCG4":"2,6,23":0:"Smart Strip LCG4 Energy Saving Power Strip with Autoswitching Technology and Fax/Modem Surge Protection":"smart-strip-lcg4-energy-saving-power-strip-with-autoswitching-technology-and-fax-modem-surge-protection":"/L/C/LCG4.jpg":"/L/C/LCG4.jpg":"/L/C/LCG4.jpg":"smart-strip-lcg4-energy-saving-power-strip-with-autoswitching-technology-and-fax-modem-surge-protection":44.99:2:"Enabled":"Smart Strip LCG4 Energy Saving Power Strip with Autoswitching Technology and Fax/Modem Surge Protection":"Smart Strip"
"simple":"LCG5":"2,6,23":0:"Smart Strip LCG5 Energy Saving Power Strip with Autoswitching Technology and Coaxial Surge Protection":"smart-strip-lcg5-energy-saving-power-strip-with-autoswitching-technology-and-coaxial-surge-protection":"/L/C/LCG5.jpg":"/L/C/LCG5.jpg":"/L/C/LCG5.jpg":"smart-strip-lcg5-energy-saving-power-strip-with-autoswitching-technology-and-coaxial-surge-protection":44.99:2:"Enabled":"Smart Strip LCG5 Energy Saving Power Strip with Autoswitching Technology and Coaxial Surge Protection":"Smart Strip"
"simple":"BAGGU-3":2:1:"BAGGU Reusable Shopping Tote Bags - 3-Pack":"baggu-reusable-shopping-tote-bags-3-pack":"/b/a/baggu-3-olive.jpg":"/b/a/baggu-3-olive.jpg":"/b/a/baggu-3-olive.jpg":"baggu-reusable-shopping-tote-bags-3-pack":29.99:2:"Enabled":"BAGGU Reusable Shopping Tote Bags - 3-Pack":"Baggu"
"simple":"P4400":"2,8":0:"Kill A Watt Electricity Usage Monitor (P4400)":"kill-a-watt-electricity-usage-monitor-p4400":"/k/i/kill-a-watt-power-meter-1.jpg":"/k/i/kill-a-watt-power-meter-1.jpg":"/k/i/kill-a-watt-power-meter-1.jpg":"kill-a-watt-electricity-usage-monitor-p4400":24.99:1:"Enabled":"Kill A Watt Electricity Usage Monitor (P4400)":"P3 International"
"simple":"P4460":"2,8":0:"Kill A Watt EZ Electricity Usage Monitor (P4460)":"kill-a-watt-ez-electricity-usage-monitor-p4460":"/P/4/P4460.jpg":"/P/4/P4460.jpg":"/P/4/P4460.jpg":"kill-a-watt-ez-electricity-usage-monitor-p4460":64.99:1:"Enabled":"Kill A Watt EZ Electricity Usage Monitor (P4460)":"P3 International"
"simple":"P4320":"2,8":0:"Kill A Watt PS Electricity Monitoring Power Strip (P4320)":"kill-a-watt-ps-electricity-monitoring-power-strip-p4320":"/P/3/P3killawatt.jpg":"/P/3/P3killawatt.jpg":"/P/3/P3killawatt.jpg":"kill-a-watt-ps-electricity-monitoring-power-strip-p4320":129.99:2:"Enabled":"Kill A Watt PS Electricity Monitoring Power Strip (P4320)":"P3 International"
"simple":"Delta-75152":"2,6":0:"Delta 75152 Water Amplifying Showerhead with H2OKINETIC Technology":"delta-75152-water-amplifying-showerhead-with-h2okinetic-technology":"/f/i/file_2.jpg":"/f/i/file_2.jpg":"/f/i/file_2.jpg":"delta-75152-water-amplifying-showerhead-with-h2okinetic-technology":34.99:1:"Enabled":"Delta 75152 Water Amplifying Showerhead with H2OKINETIC Technology":"Delta"
"simple":"Scotts-2000-20":"2,4":0:"Scotts 2000-20 20-Inch Push Reel Classic Lawn Mower":"scotts-2000-20-20-inch-push-reel-classic-lawn-mower":"/f/i/file_4.jpg":"/f/i/file_4.jpg":"/f/i/file_4.jpg":"scotts-2000-20-20-inch-push-reel-classic-lawn-mower":129.99:32:"Enabled":"Scotts 2000-20 20-Inch Push Reel Classic Lawn Mower":
"simple":"BLI-25000":"2,8":0:"Blueline Powercost Monitor":"blueline-powercost-monitor":"/b/l/bli-pcm.jpg":"/b/l/bli-pcm.jpg":"/b/l/bli-pcm.jpg":"blueline-powercost-monitor":129.99:2:"Enabled":"Blueline Powercost Monitor":"Blueline"
"simple":"TED1001":"2,8":0:"T.E.D. - The Energy Detective":"t-e-d-the-energy-detective":"/l/a/largeTED1001.jpg":"/l/a/largeTED1001.jpg":"/l/a/largeTED1001.jpg":"t-e-d-the-energy-detective":234.99:2:"Enabled":"T.E.D. - The Energy Detective":"T.E.D."
"simple":"CAM":"2,8":0:"Eco-Response Cent-a-meter ":"eco-response-cent-a-meter":"/c/e/centameter.jpg":"/c/e/centameter.jpg":"/c/e/centameter.jpg":"eco-response-cent-a-meter":189.99:2:"Enabled":"Eco-Response Cent-a-meter ":
"simple":"SF50044":"2,5,25":0:"Sunforce 60-Watt Solar Charging Kit (50044)":"sunforce-60-watt-solar-charging-kit-50044":"/5/1/51Z6Y7EMEKL._SS400_.jpg":"/5/1/51Z6Y7EMEKL._SS400_.jpg":"/5/1/51Z6Y7EMEKL._SS400_.jpg":"sunforce-60-watt-solar-charging-kit-50044":369.99:60:"Enabled":"Sunforce 60-Watt Solar Charging Kit (50044)":
"simple":44444:"2,5,24":0:"Sunforce 12-Volt 400-Watt Wind Generator (44444)":"sunforce-12-volt-400-watt-wind-generator-44444":"/3/1/31Z9QG5EHWL._SS500__1.jpg":"/3/1/31Z9QG5EHWL._SS500__1.jpg":"/3/1/31Z9QG5EHWL._SS500__1.jpg":"sunforce-12-volt-400-watt-wind-generator-44444":619.99:17:"Enabled":"Sunforce 12-Volt 400-Watt Wind Generator (44444)":"Sunforce"
"simple":"Globe-6880201":"2,13,18,21":0:"Globe 13-Watt Mini CFL Bulb (60-Watt Equivalent), Soft White":"globe-13-watt-mini-cfl-bulb-60-watt-equivalent-soft-white":"/f/i/file_9.jpg":"/f/i/file_9.jpg":"/f/i/file_9.jpg":"globe-13-watt-mini-cfl-bulb-60-watt-equivalent-soft-white":14.99:1.9:"Enabled":"Globe 13-Watt Mini CFL Bulb (60-Watt Equivalent), Soft White":"Globe Electric"
"simple":"USBCELL":"2,6":0:"USBCell Rechargeable AA Battery (2 Pack)":"usbcell-rechargeable-aa-battery-2-pack":"/U/S/USB1.jpg":"/U/S/USB1.jpg":"/U/S/USB1.jpg":"usbcell-rechargeable-aa-battery-2-pack":19.99:1:"Enabled":"USBCell Rechargeable AA Battery (2 Pack)":"USBCell"
"simple":"Globe-48426":"2,13,18,21":0:"Globe 23-Watt Mini CFL Bulb (100-Watt Equivalent), Cool White":"globe-23-watt-mini-cfl-bulb-100-watt-equivalent-cool-white":"/3/1/312MBXH5SVL._SS500_.jpg":"/3/1/312MBXH5SVL._SS500_.jpg":"/3/1/312MBXH5SVL._SS500_.jpg":"globe-23-watt-mini-cfl-bulb-100-watt-equivalent-cool-white":19.99:1:"Enabled":"Globe 23-Watt Mini CFL Bulb (100-Watt Equivalent), Cool White":"Globe Electric"
"simple":"Globe-0784001":"2,13,18,21":0:"Globe 40-Watt CFL Reader Bulb (150-Watt Equivalent), Soft White":"globe-40-watt-cfl-reader-bulb-150-watt-equivalent-soft-white":"/f/i/file_10.jpg":"/f/i/file_10.jpg":"/f/i/file_10.jpg":"globe-40-watt-cfl-reader-bulb-150-watt-equivalent-soft-white":14.99:1:"Enabled":"Globe 40-Watt CFL Reader Bulb (150-Watt Equivalent), Soft White":"Globe Electric"
"simple":"Sunforce-50032":"2,5,25":0:"Sunforce 50032 15-Watt Solar Battery Charger":"sunforce-50032-15-watt-solar-battery-charger":"/f/i/file_12.jpg":"/f/i/file_12.jpg":"/f/i/file_12.jpg":"sunforce-50032-15-watt-solar-battery-charger":114.99:14.6:"Enabled":"Sunforce 50032 15-Watt Solar Battery Charger":"Sunforce"
"simple":"OriginalGood-010":"2,9,13":1:"Rainbow Cosmetic Tote made from Recycled Plastic Bags":"rainbow-cosmetic-tote-made-from-recycled-plastic-bags":"/f/i/file_14.jpg":"/f/i/file_14.jpg":"/f/i/file_14.jpg":"rainbow-cosmetic-tote-made-from-recycled-plastic-bags":39.99:3:"Enabled":"Rainbow Cosmetic Tote made from Recycled Plastic Bags":
"simple":"Seventh-Generation-010":"2,13,15":0:"Seventh Generation Paper Towels 30-Pack":"seventh-generation-paper-towels-10-pack":"/f/i/file_15.jpg":"/f/i/file_15.jpg":"/f/i/file_15.jpg":"seventh-generation-paper-towels-10-pack":74.99:16.4:"Enabled":"Seventh Generation Paper Towels 30-Pack":"Seventh Generation"
"simple":"Seventh-Generation-020":"2,13,15":0:"Seventh Generation Bathroom Tissue 48-Pack":"seventh-generation-bathroom-tissue-48-pack":"/f/i/file_16.jpg":"/f/i/file_16.jpg":"/f/i/file_16.jpg":"seventh-generation-bathroom-tissue-48-pack":74.99:20:"Enabled":"Seventh Generation Bathroom Tissue 48-Pack":"Seventh Generation"
"simple":"Klean-Kanteen-090":"2,13":1:"Klean Kanteen Stainless Steel Water Bottle":"klean-kanteen-stainless-steel-water-bottle":"/f/i/file_3_1.jpg":"/f/i/file_3_1.jpg":"/f/i/file_3_1.jpg":"klean-kanteen-stainless-steel-water-bottle":19.99:2:"Enabled":"Klean Kanteen Stainless Steel Water Bottle":"Klean Kanteen"
"simple":"Sunforce-44447":"2,5,24":0:"Sunforce 900-Watt Whisper Wind Turbine (44447)":"sunforce-900-watt-whisper-wind-turbine-44447":"/3/1/316YKVKR35L._SS500_.jpg":"/3/1/316YKVKR35L._SS500_.jpg":"/3/1/316YKVKR35L._SS500_.jpg":"sunforce-900-watt-whisper-wind-turbine-44447":2859.99:74.8:"Enabled":"Sunforce 900-Watt Whisper Wind Turbine (44447)":"Sunforce"
"simple":22005:"2,5,25":0:"Sunforce 12 Volt MotoMaster Eliminator Folding Solar Panel (22005)":"sunforce-12-volt-motomaster-eliminator-folding-solar-panel-22005":"/f/7/f756810ae7a00d8079a99110.L.jpg":"/f/7/f756810ae7a00d8079a99110.L.jpg":"/f/7/f756810ae7a00d8079a99110.L.jpg":"sunforce-12-volt-motomaster-eliminator-folding-solar-panel-22005":114.99:1.2:"Enabled":"Sunforce 12 Volt MotoMaster Eliminator Folding Solar Panel (22005)":"Sunforce"
"simple":"Sunforce-50012":"2,5,6,11,25":0:"Sunforce 1.8 Watt Solar Battery Maintainer (50012)":"sunforce-1-8-watt-solar-battery-maintainer-50012":"/1/_/1.jpg":"/1/_/1.jpg":"/1/_/1.jpg":"sunforce-1-8-watt-solar-battery-maintainer-50012":29.99:1.4:"Enabled":"Sunforce 1.8 Watt Solar Battery Maintainer (50012)":"Sunforce"
"simple":"SeventhGeneration-DishLiquid":"2,13,15":0:"Seventh Generation Dish Liquid, 25-Ounce Bottles 6-Pack":"seventh-generation-dish-liquid-25-ounce-bottles-6-pack":"/d/i/dish-liquid.jpg":"/d/i/dish-liquid.jpg":"/d/i/dish-liquid.jpg":"seventh-generation-dish-liquid-25-ounce-bottles-6-pack":24.99:10.8:"Enabled":"Seventh Generation Dish Liquid, 25-Ounce Bottles 6-Pack":"Seventh Generation"
"configurable":"SeventhGeneration-Diapers-4":"2,13,16":1:"Seventh Generation Chlorine Free Baby Diapers 4-Pack":"seventh-generation-chlorine-free-baby-diapers-4-pack":"/S/e/Seventh-Generation-Chlorine-Free-Diapers-Size-6.jpg":"/S/e/Seventh-Generation-Chlorine-Free-Diapers-Size-6.jpg":"/S/e/Seventh-Generation-Chlorine-Free-Diapers-Size-6.jpg":"seventh-generation-chlorine-free-baby-diapers-4-pack":44.99::"Enabled":"Seventh Generation Chlorine Free Baby Diapers 4-Pack":
"simple":"SeventhGeneration-Diapers-4-Size N - Up to 10lbs (160-Count)"::0:"Seventh Generation Chlorine Free Baby Diapers 4-Pack-Size N - Up to 10lbs (160-Count)":"seventh-generation-chlorine-free-baby-diapers-4-pack"::::"seventh-generation-chlorine-free-baby-diapers-4-pack-1":54.99:4:"Enabled":"Seventh Generation Chlorine Free Baby Diapers 4-Pack-Size N - Up to 10lbs (160-Count)":"Seventh Generation"
"simple":"SeventhGeneration-Diapers-4-Size 1 - 8 to 14 lbs (176-Count)"::0:"Seventh Generation Chlorine Free Baby Diapers 4-Pack-Size 1 - 8 to 14 lbs (176-Count)":"seventh-generation-chlorine-free-baby-diapers-4-pack"::::"seventh-generation-chlorine-free-baby-diapers-4-pack-2":54.99:4:"Enabled":"Seventh Generation Chlorine Free Baby Diapers 4-Pack-Size 1 - 8 to 14 lbs (176-Count)":"Seventh Generation"
"simple":"SeventhGeneration-Diapers-4-Size 2 - 12 to 18 lbs (160-Count)"::0:"Seventh Generation Chlorine Free Baby Diapers 4-Pack-Size 2 - 12 to 18 lbs (160-Count)":"seventh-generation-chlorine-free-baby-diapers-4-pack"::::"seventh-generation-chlorine-free-baby-diapers-4-pack-3":54.99:4:"Enabled":"Seventh Generation Chlorine Free Baby Diapers 4-Pack-Size 2 - 12 to 18 lbs (160-Count)":"Seventh Generation"
"simple":"SeventhGeneration-Diapers-4-Size 3 - 16 to 28 lbs (140-Count)"::0:"Seventh Generation Chlorine Free Baby Diapers 4-Pack-Size 3 - 16 to 28 lbs (140-Count)":"seventh-generation-chlorine-free-baby-diapers-4-pack"::::"seventh-generation-chlorine-free-baby-diapers-4-pack-4":54.99:4:"Enabled":"Seventh Generation Chlorine Free Baby Diapers 4-Pack-Size 3 - 16 to 28 lbs (140-Count)":"Seventh Generation"
"simple":"SeventhGeneration-Diapers-4-Size 4 - 22 to 37 lbs (120-Count)"::0:"Seventh Generation Chlorine Free Baby Diapers 4-Pack-Size 4 - 22 to 37 lbs (120-Count)":"seventh-generation-chlorine-free-baby-diapers-4-pack"::::"seventh-generation-chlorine-free-baby-diapers-4-pack-5":54.99:4:"Enabled":"Seventh Generation Chlorine Free Baby Diapers 4-Pack-Size 4 - 22 to 37 lbs (120-Count)":"Seventh Generation"
"simple":"SeventhGeneration-Diapers-4-Size 5 - 27+ lbs (104-Count)"::0:"Seventh Generation Chlorine Free Baby Diapers 4-Pack-Size 5 - 27+ lbs (104-Count)":"seventh-generation-chlorine-free-baby-diapers-4-pack"::::"seventh-generation-chlorine-free-baby-diapers-4-pack-6":54.99:4:"Enabled":"Seventh Generation Chlorine Free Baby Diapers 4-Pack-Size 5 - 27+ lbs (104-Count)":"Seventh Generation"
"simple":"SeventhGeneration-Diapers-4-Size 6 - 35+ lbs (88-Count)"::0:"Seventh Generation Chlorine Free Baby Diapers 4-Pack-Size 6 - 35+ lbs (88-Count)":"seventh-generation-chlorine-free-baby-diapers-4-pack"::::"seventh-generation-chlorine-free-baby-diapers-4-pack-7":54.99:4:"Enabled":"Seventh Generation Chlorine Free Baby Diapers 4-Pack-Size 6 - 35+ lbs (88-Count)":"Seventh Generation"
"simple":"SeventhGeneration-BabyWipes":"2,13,16":0:"Seventh Generation Chlorine Free Baby Wipes 12-Pack of 80 (960 Wipes)":"seventh-generation-chlorine-free-baby-wipes-12-pack-of-80-960-wipes":"/S/e/Seventh-Generation-Chlorine-Free-Baby-Wipes.jpg":"/S/e/Seventh-Generation-Chlorine-Free-Baby-Wipes.jpg":"/S/e/Seventh-Generation-Chlorine-Free-Baby-Wipes.jpg":"seventh-generation-chlorine-free-baby-wipes-12-pack-of-80-960-wipes":54.99:4:"Enabled":"Seventh Generation Chlorine Free Baby Wipes 12-Pack of 80 (960 Wipes)":"Seventh Generation"
"configurable":"SeventhGeneration-Detergent":"2,13,15":1:"Seventh Generation 2x Liquid Laundry Detergent, 32-Ounce Bottles (Pack of 6)":"seventh-generation-2x-liquid-laundry-detergent-32-ounce-bottles-pack-of-6":"/S/e/Seventh-Generation-Detergent-Free.jpg":"/S/e/Seventh-Generation-Detergent-Free.jpg":"/S/e/Seventh-Generation-Detergent-Free.jpg":"seventh-generation-2x-liquid-laundry-detergent-32-ounce-bottles-pack-of-6":34.99::"Enabled":"Seventh Generation 2x Liquid Laundry Detergent, 32-Ounce Bottles (Pack of 6)":
"simple":"SeventhGeneration-Detergent-Free & Clear"::0:"Seventh Generation 2x Liquid Laundry Detergent, 32-Ounce Bottles (Pack of 6)-Free & Clear":"seventh-generation-2x-liquid-laundry-detergent-32-ounce-bottles-pack-of-6"::::"seventh-generation-2x-liquid-laundry-detergent-32-ounce-bottles-pack-of-7":39.99:6:"Enabled":"Seventh Generation 2x Liquid Laundry Detergent, 32-Ounce Bottles (Pack of 6)-Free & Clear":"Seventh Generation"
"simple":"SeventhGeneration-Detergent-Blue Eucalyptus & Lavender"::0:"Seventh Generation 2x Liquid Laundry Detergent, 32-Ounce Bottles (Pack of 6)-Blue Eucalyptus & Lavender":"seventh-generation-2x-liquid-laundry-detergent-32-ounce-bottles-pack-of-6"::::"seventh-generation-2x-liquid-laundry-detergent-32-ounce-bottles-pack-of-8":39.99:6:"Enabled":"Seventh Generation 2x Liquid Laundry Detergent, 32-Ounce Bottles (Pack of 6)-Blue Eucalyptus & Lavender":"Seventh Generation"
"simple":"SeventhGeneration-Detergent-White Flower & Bergamot Citrus"::0:"Seventh Generation 2x Liquid Laundry Detergent, 32-Ounce Bottles (Pack of 6)-White Flower & Bergamot Citrus":"seventh-generation-2x-liquid-laundry-detergent-32-ounce-bottles-pack-of-6"::::"seventh-generation-2x-liquid-laundry-detergent-32-ounce-bottles-pack-of-9":39.99:6:"Enabled":"Seventh Generation 2x Liquid Laundry Detergent, 32-Ounce Bottles (Pack of 6)-White Flower & Bergamot Citrus":"Seventh Generation"
"simple":"DVD-AIT":"13,17":0:"An Inconvenient Truth (DVD)":"an-inconvenient-truth-dvd":"/A/n/An-Inconvenient-Truth.jpg":"/A/n/An-Inconvenient-Truth.jpg":"/A/n/An-Inconvenient-Truth.jpg":"an-inconvenient-truth-dvd":19.99:2:"Enabled":"An Inconvenient Truth (DVD)":
"simple":"BK-RBG":"13,16,17":0:"Raising Baby Green (Paperback)":"raising-baby-green-paperback":"/R/a/Raising-Baby-Green.jpg":"/R/a/Raising-Baby-Green.jpg":"/R/a/Raising-Baby-Green.jpg":"raising-baby-green-paperback":14.99:2:"Enabled":"Raising Baby Green (Paperback)":
"simple":"BK-SPYHFD":"5,13,17":0:"Solar Power Your Home For Dummies (Paperback)":"solar-power-your-home-for-dummies-paperback":"/S/o/Solar-Power-Your-Home-For-Dummies.jpg":"/S/o/Solar-Power-Your-Home-For-Dummies.jpg":"/S/o/Solar-Power-Your-Home-For-Dummies.jpg":"solar-power-your-home-for-dummies-paperback":14.99:1:"Enabled":"Solar Power Your Home For Dummies (Paperback)":
"simple":"DVD-WKTEC":"13,17":0:"Who Killed the Electric Car? (DVD)":"who-killed-the-electric-car-dvd":"/W/h/Who-Killed-The-Electric-Car.jpg":"/W/h/Who-Killed-The-Electric-Car.jpg":"/W/h/Who-Killed-The-Electric-Car.jpg":"who-killed-the-electric-car-dvd":9.99:1:"Enabled":"Who Killed the Electric Car? (DVD)":
"simple":"BK-TGB":"13,17":0:"The Green Book: The Everyday Guide to Saving the Planet One Simple Step at a Time (Paperback)":"the-green-book-the-everyday-guide-to-saving-the-planet-one-simple-step-at-a-time-paperback":"/T/h/The-Green-Book.jpg":"/T/h/The-Green-Book.jpg":"/T/h/The-Green-Book.jpg":"the-green-book-the-everyday-guide-to-saving-the-planet-one-simple-step-at-a-time-paperback":14.99:1:"Enabled":"The Green Book: The Everyday Guide to Saving the Planet One Simple Step at a Time (Paperback)":
"simple":"BK-TREH":"5,13,17":0:"The Renewable Energy Handbook (Paperback)":"the-renewable-energy-handbook-paperback":"/T/h/The-Renewable-Energy-Book.jpg":"/T/h/The-Renewable-Energy-Book.jpg":"/T/h/The-Renewable-Energy-Book.jpg":"the-renewable-energy-handbook-paperback":29.99:1:"Enabled":"The Renewable Energy Handbook (Paperback)":
"configurable":"PRESERVE-6":"13,15":1:"Preserve Toothbrushes 6-Pack":"preserve-toothbrushes-6-pack":"/P/r/Preserver-toothbrush_1.jpg":"/P/r/Preserver-toothbrush-catalog_1.jpg":"/P/r/Preserver-toothbrush_1.jpg":"preserve-toothbrushes-6-pack":29.99::"Enabled":"Preserve Toothbrushes 6-Pack":
"simple":"PRESERVE-6-Ultra Soft"::0:"Preserve Toothbrushes 6-Pack-Ultra Soft":"preserve-toothbrushes-6-pack"::::"preserve-toothbrushes-6-pack-1":19.99:1:"Enabled":"Preserve Toothbrushes 6-Pack-Ultra Soft":
"simple":"PRESERVE-6-Soft"::0:"Preserve Toothbrushes 6-Pack-Soft":"preserve-toothbrushes-6-pack"::::"preserve-toothbrushes-6-pack-2":24.99:1:"Enabled":"Preserve Toothbrushes 6-Pack-Soft":
"simple":"PRESERVE-6-Medium"::0:"Preserve Toothbrushes 6-Pack-Medium":"preserve-toothbrushes-6-pack"::::"preserve-toothbrushes-6-pack-3":24.99:1:"Enabled":"Preserve Toothbrushes 6-Pack-Medium":
"simple":"LGTF38":6:0:"LifeGear Quad-Power Weather Alert NOAA Life Gear Radio and Light":"lifegear-quad-power-weather-alert-noaa-life-gear-radio-and-light":"/f/i/file_1.jpg":"/f/i/file_1.jpg":"/f/i/file_1.jpg":"lifegear-quad-power-weather-alert-noaa-life-gear-radio-and-light":34.99:2:"Enabled":"LifeGear Quad-Power Weather Alert NOAA Life Gear Radio and Light":
"simple":"LED99 ":6:0:"Datexx SuperBattery USB Power Bank ":"superbattery-usb-power-bank":"/f/i/file_3.jpg":"/f/i/file_3.jpg":"/f/i/file_3.jpg":"superbattery-usb-power-bank":29.99:1:"Enabled":"Datexx SuperBattery USB Power Bank ":
"configurable":"ECON-LSTEE":9:1:"Econscious Men's 100% Organic Cotton Long Sleeve Tee":"econscious-men-s-100-organic-cotton-long-sleeve-tee":"/f/i/file_2_1.jpg":"/f/i/file_2_1.jpg":"/f/i/file_2_1.jpg":"econscious-men-s-100-organic-cotton-long-sleeve-tee":19.99::"Enabled":"Econscious Men's 100% Organic Cotton Long Sleeve Tee":
"simple":"ECON-LSTEE-Black-Small"::0:"Econscious Men's 100% Organic Cotton Long Sleeve Tee-Black-Small":"econscious-tee"::::"econscious-tee-1":19.99:1:"Enabled":"Econscious Men's 100% Organic Cotton Long Sleeve Tee-Black-Small":
"simple":"ECON-LSTEE-Black-Medium"::0:"Econscious Men's 100% Organic Cotton Long Sleeve Tee-Black-Medium":"econscious-tee"::::"econscious-tee-2":19.99:1:"Enabled":"Econscious Men's 100% Organic Cotton Long Sleeve Tee-Black-Medium":
"simple":"ECON-LSTEE-Black-Large"::0:"Econscious Men's 100% Organic Cotton Long Sleeve Tee-Black-Large":"econscious-tee"::::"econscious-tee-3":19.99:1:"Enabled":"Econscious Men's 100% Organic Cotton Long Sleeve Tee-Black-Large":
"simple":"ECON-LSTEE-Black-X Large"::0:"Econscious Men's 100% Organic Cotton Long Sleeve Tee-Black-X Large":"econscious-tee"::::"econscious-tee-4":19.99:1:"Enabled":"Econscious Men's 100% Organic Cotton Long Sleeve Tee-Black-X Large":
"simple":"ECON-LSTEE-Black-XX Large"::0:"Econscious Men's 100% Organic Cotton Long Sleeve Tee-Black-XX Large":"econscious-tee"::::"econscious-tee-5":19.99:1:"Enabled":"Econscious Men's 100% Organic Cotton Long Sleeve Tee-Black-XX Large":
"simple":"ECON-LSTEE-Earth-Small"::0:"Econscious Men's 100% Organic Cotton Long Sleeve Tee-Earth-Small":"econscious-tee"::::"econscious-tee-6":19.99:1:"Enabled":"Econscious Men's 100% Organic Cotton Long Sleeve Tee-Earth-Small":
"simple":"ECON-LSTEE-Earth-Medium"::0:"Econscious Men's 100% Organic Cotton Long Sleeve Tee-Earth-Medium":"econscious-tee"::::"econscious-tee-7":19.99:1:"Enabled":"Econscious Men's 100% Organic Cotton Long Sleeve Tee-Earth-Medium":
"simple":"ECON-LSTEE-Earth-Large"::0:"Econscious Men's 100% Organic Cotton Long Sleeve Tee-Earth-Large":"econscious-tee"::::"econscious-tee-8":19.99:1:"Enabled":"Econscious Men's 100% Organic Cotton Long Sleeve Tee-Earth-Large":
"simple":"ECON-LSTEE-Earth-X Large"::0:"Econscious Men's 100% Organic Cotton Long Sleeve Tee-Earth-X Large":"econscious-tee"::::"econscious-tee-9":19.99:1:"Enabled":"Econscious Men's 100% Organic Cotton Long Sleeve Tee-Earth-X Large":
"simple":"ECON-LSTEE-Earth-XX Large"::0:"Econscious Men's 100% Organic Cotton Long Sleeve Tee-Earth-XX Large":"econscious-tee"::::"econscious-tee-10":19.99:1:"Enabled":"Econscious Men's 100% Organic Cotton Long Sleeve Tee-Earth-XX Large":
"simple":"ECON-LSTEE-Pacific-Small"::0:"Econscious Men's 100% Organic Cotton Long Sleeve Tee-Pacific-Small":"econscious-tee"::::"econscious-tee-11":19.99:1:"Enabled":"Econscious Men's 100% Organic Cotton Long Sleeve Tee-Pacific-Small":
"simple":"ECON-LSTEE-Pacific-Medium"::0:"Econscious Men's 100% Organic Cotton Long Sleeve Tee-Pacific-Medium":"econscious-tee"::::"econscious-tee-12":19.99:1:"Enabled":"Econscious Men's 100% Organic Cotton Long Sleeve Tee-Pacific-Medium":
"simple":"ECON-LSTEE-Pacific-Large"::0:"Econscious Men's 100% Organic Cotton Long Sleeve Tee-Pacific-Large":"econscious-tee"::::"econscious-tee-13":19.99:1:"Enabled":"Econscious Men's 100% Organic Cotton Long Sleeve Tee-Pacific-Large":
"simple":"ECON-LSTEE-Pacific-X Large"::0:"Econscious Men's 100% Organic Cotton Long Sleeve Tee-Pacific-X Large":"econscious-tee"::::"econscious-tee-14":19.99:1:"Enabled":"Econscious Men's 100% Organic Cotton Long Sleeve Tee-Pacific-X Large":
"simple":"ECON-LSTEE-Pacific-XX Large"::0:"Econscious Men's 100% Organic Cotton Long Sleeve Tee-Pacific-XX Large":"econscious-tee"::::"econscious-tee-15":19.99:1:"Enabled":"Econscious Men's 100% Organic Cotton Long Sleeve Tee-Pacific-XX Large":
"simple":"ECON-LSTEE-White-Small"::0:"Econscious Men's 100% Organic Cotton Long Sleeve Tee-White-Small":"econscious-tee"::::"econscious-tee-16":19.99:1:"Enabled":"Econscious Men's 100% Organic Cotton Long Sleeve Tee-White-Small":
"simple":"ECON-LSTEE-White-Medium"::0:"Econscious Men's 100% Organic Cotton Long Sleeve Tee-White-Medium":"econscious-tee"::::"econscious-tee-17":19.99:1:"Enabled":"Econscious Men's 100% Organic Cotton Long Sleeve Tee-White-Medium":
"simple":"ECON-LSTEE-White-Large"::0:"Econscious Men's 100% Organic Cotton Long Sleeve Tee-White-Large":"econscious-tee"::::"econscious-tee-18":19.99:1:"Enabled":"Econscious Men's 100% Organic Cotton Long Sleeve Tee-White-Large":
"simple":"ECON-LSTEE-White-X Large"::0:"Econscious Men's 100% Organic Cotton Long Sleeve Tee-White-X Large":"econscious-tee"::::"econscious-tee-19":19.99:1:"Enabled":"Econscious Men's 100% Organic Cotton Long Sleeve Tee-White-X Large":
"simple":"ECON-LSTEE-White-XX Large"::0:"Econscious Men's 100% Organic Cotton Long Sleeve Tee-White-XX Large":"econscious-tee"::::"econscious-tee-20":19.99:1:"Enabled":"Econscious Men's 100% Organic Cotton Long Sleeve Tee-White-XX Large":
"configurable":"ECON-SSTEE":9:1:"Econscious Women's 100% Organic Cotton Short Sleeve Tee":"econscious-women-s-100-organic-cotton-short-sleeve-tee":"/f/i/file_5_1.jpg":"/f/i/file_5_1.jpg":"/f/i/file_5_1.jpg":"econscious-women-s-100-organic-cotton-short-sleeve-tee":19.99::"Enabled":"Econscious Women's 100% Organic Cotton Short Sleeve Tee":
"simple":"ECON-SSTEE-Black-Small"::0:"Econscious Women's 100% Organic Cotton Short Sleeve Tee-Black-Small":"econscious-women-s-100-organic-cotton-short-sleeve-tee"::::"econscious-women-s-100-organic-cotton-short-sleeve-tee-1":19.99:1:"Enabled":"Econscious Women's 100% Organic Cotton Short Sleeve Tee-Black-Small":
"simple":"ECON-SSTEE-Black-Medium"::0:"Econscious Women's 100% Organic Cotton Short Sleeve Tee-Black-Medium":"econscious-women-s-100-organic-cotton-short-sleeve-tee"::::"econscious-women-s-100-organic-cotton-short-sleeve-tee-2":19.99:1:"Enabled":"Econscious Women's 100% Organic Cotton Short Sleeve Tee-Black-Medium":
"simple":"ECON-SSTEE-Black-Large"::0:"Econscious Women's 100% Organic Cotton Short Sleeve Tee-Black-Large":"econscious-women-s-100-organic-cotton-short-sleeve-tee"::::"econscious-women-s-100-organic-cotton-short-sleeve-tee-3":19.99:1:"Enabled":"Econscious Women's 100% Organic Cotton Short Sleeve Tee-Black-Large":
"simple":"ECON-SSTEE-Black-X Large"::0:"Econscious Women's 100% Organic Cotton Short Sleeve Tee-Black-X Large":"econscious-women-s-100-organic-cotton-short-sleeve-tee"::::"econscious-women-s-100-organic-cotton-short-sleeve-tee-4":19.99:1:"Enabled":"Econscious Women's 100% Organic Cotton Short Sleeve Tee-Black-X Large":
"simple":"ECON-SSTEE-Black-XX Large"::0:"Econscious Women's 100% Organic Cotton Short Sleeve Tee-Black-XX Large":"econscious-women-s-100-organic-cotton-short-sleeve-tee"::::"econscious-women-s-100-organic-cotton-short-sleeve-tee-5":19.99:1:"Enabled":"Econscious Women's 100% Organic Cotton Short Sleeve Tee-Black-XX Large":
"simple":"ECON-SSTEE-Earth-Small"::0:"Econscious Women's 100% Organic Cotton Short Sleeve Tee-Earth-Small":"econscious-women-s-100-organic-cotton-short-sleeve-tee"::::"econscious-women-s-100-organic-cotton-short-sleeve-tee-6":19.99:1:"Enabled":"Econscious Women's 100% Organic Cotton Short Sleeve Tee-Earth-Small":
"simple":"ECON-SSTEE-Earth-Medium"::0:"Econscious Women's 100% Organic Cotton Short Sleeve Tee-Earth-Medium":"econscious-women-s-100-organic-cotton-short-sleeve-tee"::::"econscious-women-s-100-organic-cotton-short-sleeve-tee-7":19.99:1:"Enabled":"Econscious Women's 100% Organic Cotton Short Sleeve Tee-Earth-Medium":
"simple":"ECON-SSTEE-Earth-Large"::0:"Econscious Women's 100% Organic Cotton Short Sleeve Tee-Earth-Large":"econscious-women-s-100-organic-cotton-short-sleeve-tee"::::"econscious-women-s-100-organic-cotton-short-sleeve-tee-8":19.99:1:"Enabled":"Econscious Women's 100% Organic Cotton Short Sleeve Tee-Earth-Large":
"simple":"ECON-SSTEE-Earth-X Large"::0:"Econscious Women's 100% Organic Cotton Short Sleeve Tee-Earth-X Large":"econscious-women-s-100-organic-cotton-short-sleeve-tee"::::"econscious-women-s-100-organic-cotton-short-sleeve-tee-9":19.99:1:"Enabled":"Econscious Women's 100% Organic Cotton Short Sleeve Tee-Earth-X Large":
"simple":"ECON-SSTEE-Earth-XX Large"::0:"Econscious Women's 100% Organic Cotton Short Sleeve Tee-Earth-XX Large":"econscious-women-s-100-organic-cotton-short-sleeve-tee"::::"econscious-women-s-100-organic-cotton-short-sleeve-tee-10":19.99:1:"Enabled":"Econscious Women's 100% Organic Cotton Short Sleeve Tee-Earth-XX Large":
"simple":"ECON-SSTEE-Rose-Small"::0:"Econscious Women's 100% Organic Cotton Short Sleeve Tee-Rose-Small":"econscious-women-s-100-organic-cotton-short-sleeve-tee"::::"econscious-women-s-100-organic-cotton-short-sleeve-tee-16":19.99:1:"Enabled":"Econscious Women's 100% Organic Cotton Short Sleeve Tee-Rose-Small":
"simple":"ECON-SSTEE-Rose-Medium"::0:"Econscious Women's 100% Organic Cotton Short Sleeve Tee-Rose-Medium":"econscious-women-s-100-organic-cotton-short-sleeve-tee"::::"econscious-women-s-100-organic-cotton-short-sleeve-tee-17":19.99:1:"Enabled":"Econscious Women's 100% Organic Cotton Short Sleeve Tee-Rose-Medium":
"simple":"ECON-SSTEE-Rose-Large"::0:"Econscious Women's 100% Organic Cotton Short Sleeve Tee-Rose-Large":"econscious-women-s-100-organic-cotton-short-sleeve-tee"::::"econscious-women-s-100-organic-cotton-short-sleeve-tee-18":19.99:1:"Enabled":"Econscious Women's 100% Organic Cotton Short Sleeve Tee-Rose-Large":
"simple":"ECON-SSTEE-Rose-X Large"::0:"Econscious Women's 100% Organic Cotton Short Sleeve Tee-Rose-X Large":"econscious-women-s-100-organic-cotton-short-sleeve-tee"::::"econscious-women-s-100-organic-cotton-short-sleeve-tee-19":19.99:1:"Enabled":"Econscious Women's 100% Organic Cotton Short Sleeve Tee-Rose-X Large":
"simple":"ECON-SSTEE-Rose-XX Large"::0:"Econscious Women's 100% Organic Cotton Short Sleeve Tee-Rose-XX Large":"econscious-women-s-100-organic-cotton-short-sleeve-tee"::::"econscious-women-s-100-organic-cotton-short-sleeve-tee-20":19.99:1:"Enabled":"Econscious Women's 100% Organic Cotton Short Sleeve Tee-Rose-XX Large":
"simple":"ECON-SSTEE-Sky-Small"::0:"Econscious Women's 100% Organic Cotton Short Sleeve Tee-Sky-Small":"econscious-women-s-100-organic-cotton-short-sleeve-tee"::::"econscious-women-s-100-organic-cotton-short-sleeve-tee-21":19.99:1:"Enabled":"Econscious Women's 100% Organic Cotton Short Sleeve Tee-Sky-Small":
"simple":"ECON-SSTEE-Sky-Medium"::0:"Econscious Women's 100% Organic Cotton Short Sleeve Tee-Sky-Medium":"econscious-women-s-100-organic-cotton-short-sleeve-tee"::::"econscious-women-s-100-organic-cotton-short-sleeve-tee-22":19.99:1:"Enabled":"Econscious Women's 100% Organic Cotton Short Sleeve Tee-Sky-Medium":
"simple":"ECON-SSTEE-Sky-Large"::0:"Econscious Women's 100% Organic Cotton Short Sleeve Tee-Sky-Large":"econscious-women-s-100-organic-cotton-short-sleeve-tee"::::"econscious-women-s-100-organic-cotton-short-sleeve-tee-23":19.99:1:"Enabled":"Econscious Women's 100% Organic Cotton Short Sleeve Tee-Sky-Large":
"simple":"ECON-SSTEE-Sky-X Large"::0:"Econscious Women's 100% Organic Cotton Short Sleeve Tee-Sky-X Large":"econscious-women-s-100-organic-cotton-short-sleeve-tee"::::"econscious-women-s-100-organic-cotton-short-sleeve-tee-24":19.99:1:"Enabled":"Econscious Women's 100% Organic Cotton Short Sleeve Tee-Sky-X Large":
"simple":"ECON-SSTEE-Sky-XX Large"::0:"Econscious Women's 100% Organic Cotton Short Sleeve Tee-Sky-XX Large":"econscious-women-s-100-organic-cotton-short-sleeve-tee"::::"econscious-women-s-100-organic-cotton-short-sleeve-tee-25":19.99:1:"Enabled":"Econscious Women's 100% Organic Cotton Short Sleeve Tee-Sky-XX Large":
"simple":"ECON-SSTEE-Wasabi-Small"::0:"Econscious Women's 100% Organic Cotton Short Sleeve Tee-Wasabi-Small":"econscious-women-s-100-organic-cotton-short-sleeve-tee"::::"econscious-women-s-100-organic-cotton-short-sleeve-tee-26":19.99:1:"Enabled":"Econscious Women's 100% Organic Cotton Short Sleeve Tee-Wasabi-Small":
"simple":"ECON-SSTEE-Wasabi-Medium"::0:"Econscious Women's 100% Organic Cotton Short Sleeve Tee-Wasabi-Medium":"econscious-women-s-100-organic-cotton-short-sleeve-tee"::::"econscious-women-s-100-organic-cotton-short-sleeve-tee-27":19.99:1:"Enabled":"Econscious Women's 100% Organic Cotton Short Sleeve Tee-Wasabi-Medium":
"simple":"ECON-SSTEE-Wasabi-Large"::0:"Econscious Women's 100% Organic Cotton Short Sleeve Tee-Wasabi-Large":"econscious-women-s-100-organic-cotton-short-sleeve-tee"::::"econscious-women-s-100-organic-cotton-short-sleeve-tee-28":19.99:1:"Enabled":"Econscious Women's 100% Organic Cotton Short Sleeve Tee-Wasabi-Large":
"simple":"ECON-SSTEE-Wasabi-X Large"::0:"Econscious Women's 100% Organic Cotton Short Sleeve Tee-Wasabi-X Large":"econscious-women-s-100-organic-cotton-short-sleeve-tee"::::"econscious-women-s-100-organic-cotton-short-sleeve-tee-29":19.99:1:"Enabled":"Econscious Women's 100% Organic Cotton Short Sleeve Tee-Wasabi-X Large":
"simple":"ECON-SSTEE-Wasabi-XX Large"::0:"Econscious Women's 100% Organic Cotton Short Sleeve Tee-Wasabi-XX Large":"econscious-women-s-100-organic-cotton-short-sleeve-tee"::::"econscious-women-s-100-organic-cotton-short-sleeve-tee-30":19.99:1:"Enabled":"Econscious Women's 100% Organic Cotton Short Sleeve Tee-Wasabi-XX Large":
"simple":"ECON-SSTEE-White-Small"::0:"Econscious Women's 100% Organic Cotton Short Sleeve Tee-White-Small":"econscious-women-s-100-organic-cotton-short-sleeve-tee"::::"econscious-women-s-100-organic-cotton-short-sleeve-tee-31":19.99:1:"Enabled":"Econscious Women's 100% Organic Cotton Short Sleeve Tee-White-Small":
"simple":"ECON-SSTEE-White-Medium"::0:"Econscious Women's 100% Organic Cotton Short Sleeve Tee-White-Medium":"econscious-women-s-100-organic-cotton-short-sleeve-tee"::::"econscious-women-s-100-organic-cotton-short-sleeve-tee-32":19.99:1:"Enabled":"Econscious Women's 100% Organic Cotton Short Sleeve Tee-White-Medium":
"simple":"ECON-SSTEE-White-Large"::0:"Econscious Women's 100% Organic Cotton Short Sleeve Tee-White-Large":"econscious-women-s-100-organic-cotton-short-sleeve-tee"::::"econscious-women-s-100-organic-cotton-short-sleeve-tee-33":19.99:1:"Enabled":"Econscious Women's 100% Organic Cotton Short Sleeve Tee-White-Large":
"simple":"ECON-SSTEE-White-X Large"::0:"Econscious Women's 100% Organic Cotton Short Sleeve Tee-White-X Large":"econscious-women-s-100-organic-cotton-short-sleeve-tee"::::"econscious-women-s-100-organic-cotton-short-sleeve-tee-34":19.99:1:"Enabled":"Econscious Women's 100% Organic Cotton Short Sleeve Tee-White-X Large":
"simple":"ECON-SSTEE-White-XX Large"::0:"Econscious Women's 100% Organic Cotton Short Sleeve Tee-White-XX Large":"econscious-women-s-100-organic-cotton-short-sleeve-tee"::::"econscious-women-s-100-organic-cotton-short-sleeve-tee-35":19.99:1:"Enabled":"Econscious Women's 100% Organic Cotton Short Sleeve Tee-White-XX Large":
"configurable":"ECON-APRON":"9,13,15":1:"Econscious Three Pocket Apron":"econscious-three-pocket-apron":"/f/i/file_1_3.jpg":"/f/i/file_1_3.jpg":"/f/i/file_1_3.jpg":"econscious-three-pocket-apron":19.99::"Enabled":"Econscious Three Pocket Apron":
"simple":"ECON-APRON-Black"::0:"Econscious Three Pocket Apron-Black":"econscious-three-pocket-apron"::::"econscious-three-pocket-apron-1":19.99:1:"Enabled":"Econscious Three Pocket Apron-Black":
"simple":"ECON-APRON-White"::0:"Econscious Three Pocket Apron-White":"econscious-three-pocket-apron"::::"econscious-three-pocket-apron-2":19.99:1:"Enabled":"Econscious Three Pocket Apron-White":
"configurable":"ECON-MSSTEE":9:1:"Econscious Men's 100% Organic Cotton Short Sleeve Tee":"econscious-men-s-100-organic-cotton-short-sleeve-tee":"/f/i/file_6_1.jpg":"/f/i/file_6_1.jpg":"/f/i/file_6_1.jpg":"econscious-men-s-100-organic-cotton-short-sleeve-tee":19.99::"Enabled":"Econscious Men's 100% Organic Cotton Short Sleeve Tee":
"simple":"ECON-MSSTEE-Black-Small"::0:"Econscious Men's 100% Organic Cotton Short Sleeve Tee-Black-Small":"econscious-men-s-100-organic-cotton-short-sleeve-tee"::::"econscious-men-s-100-organic-cotton-short-sleeve-tee-1":19.99:1:"Enabled":"Econscious Men's 100% Organic Cotton Short Sleeve Tee-Black-Small":
"simple":"ECON-MSSTEE-Black-Medium"::0:"Econscious Men's 100% Organic Cotton Short Sleeve Tee-Black-Medium":"econscious-men-s-100-organic-cotton-short-sleeve-tee"::::"econscious-men-s-100-organic-cotton-short-sleeve-tee-2":19.99:1:"Enabled":"Econscious Men's 100% Organic Cotton Short Sleeve Tee-Black-Medium":
"simple":"ECON-MSSTEE-Black-Large"::0:"Econscious Men's 100% Organic Cotton Short Sleeve Tee-Black-Large":"econscious-men-s-100-organic-cotton-short-sleeve-tee"::::"econscious-men-s-100-organic-cotton-short-sleeve-tee-3":19.99:1:"Enabled":"Econscious Men's 100% Organic Cotton Short Sleeve Tee-Black-Large":
"simple":"ECON-MSSTEE-Black-X Large"::0:"Econscious Men's 100% Organic Cotton Short Sleeve Tee-Black-X Large":"econscious-men-s-100-organic-cotton-short-sleeve-tee"::::"econscious-men-s-100-organic-cotton-short-sleeve-tee-4":19.99:1:"Enabled":"Econscious Men's 100% Organic Cotton Short Sleeve Tee-Black-X Large":
"simple":"ECON-MSSTEE-Black-XX Large"::0:"Econscious Men's 100% Organic Cotton Short Sleeve Tee-Black-XX Large":"econscious-men-s-100-organic-cotton-short-sleeve-tee"::::"econscious-men-s-100-organic-cotton-short-sleeve-tee-5":19.99:1:"Enabled":"Econscious Men's 100% Organic Cotton Short Sleeve Tee-Black-XX Large":
"simple":"ECON-MSSTEE-Aloe-Small"::0:"Econscious Men's 100% Organic Cotton Short Sleeve Tee-Aloe-Small":"econscious-men-s-100-organic-cotton-short-sleeve-tee"::::"econscious-men-s-100-organic-cotton-short-sleeve-tee-6":19.99:1:"Enabled":"Econscious Men's 100% Organic Cotton Short Sleeve Tee-Aloe-Small":
"simple":"ECON-MSSTEE-Aloe-Medium"::0:"Econscious Men's 100% Organic Cotton Short Sleeve Tee-Aloe-Medium":"econscious-men-s-100-organic-cotton-short-sleeve-tee"::::"econscious-men-s-100-organic-cotton-short-sleeve-tee-7":19.99:1:"Enabled":"Econscious Men's 100% Organic Cotton Short Sleeve Tee-Aloe-Medium":
"simple":"ECON-MSSTEE-Aloe-X Large"::0:"Econscious Men's 100% Organic Cotton Short Sleeve Tee-Aloe-X Large":"econscious-men-s-100-organic-cotton-short-sleeve-tee"::::"econscious-men-s-100-organic-cotton-short-sleeve-tee-8":19.99:1:"Enabled":"Econscious Men's 100% Organic Cotton Short Sleeve Tee-Aloe-X Large":
"simple":"ECON-MSSTEE-Aloe-Large"::0:"Econscious Men's 100% Organic Cotton Short Sleeve Tee-Aloe-Large":"econscious-men-s-100-organic-cotton-short-sleeve-tee"::::"econscious-men-s-100-organic-cotton-short-sleeve-tee-9":19.99:1:"Enabled":"Econscious Men's 100% Organic Cotton Short Sleeve Tee-Aloe-Large":
"simple":"ECON-MSSTEE-Aloe-XX Large"::0:"Econscious Men's 100% Organic Cotton Short Sleeve Tee-Aloe-XX Large":"econscious-men-s-100-organic-cotton-short-sleeve-tee"::::"econscious-men-s-100-organic-cotton-short-sleeve-tee-10":19.99:1:"Enabled":"Econscious Men's 100% Organic Cotton Short Sleeve Tee-Aloe-XX Large":
"simple":"ECON-MSSTEE-Cardinal-Small"::0:"Econscious Men's 100% Organic Cotton Short Sleeve Tee-Cardinal-Small":"econscious-men-s-100-organic-cotton-short-sleeve-tee"::::"econscious-men-s-100-organic-cotton-short-sleeve-tee-11":19.99:1:"Enabled":"Econscious Men's 100% Organic Cotton Short Sleeve Tee-Cardinal-Small":
"simple":"ECON-MSSTEE-Cardinal-Medium"::0:"Econscious Men's 100% Organic Cotton Short Sleeve Tee-Cardinal-Medium":"econscious-men-s-100-organic-cotton-short-sleeve-tee"::::"econscious-men-s-100-organic-cotton-short-sleeve-tee-12":19.99:1:"Enabled":"Econscious Men's 100% Organic Cotton Short Sleeve Tee-Cardinal-Medium":
"simple":"ECON-MSSTEE-Cardinal-Large"::0:"Econscious Men's 100% Organic Cotton Short Sleeve Tee-Cardinal-Large":"econscious-men-s-100-organic-cotton-short-sleeve-tee"::::"econscious-men-s-100-organic-cotton-short-sleeve-tee-13":19.99:1:"Enabled":"Econscious Men's 100% Organic Cotton Short Sleeve Tee-Cardinal-Large":
"simple":"ECON-MSSTEE-Cardinal-X Large"::0:"Econscious Men's 100% Organic Cotton Short Sleeve Tee-Cardinal-X Large":"econscious-men-s-100-organic-cotton-short-sleeve-tee"::::"econscious-men-s-100-organic-cotton-short-sleeve-tee-14":19.99:1:"Enabled":"Econscious Men's 100% Organic Cotton Short Sleeve Tee-Cardinal-X Large":
"simple":"ECON-MSSTEE-Cardinal-XX Large"::0:"Econscious Men's 100% Organic Cotton Short Sleeve Tee-Cardinal-XX Large":"econscious-men-s-100-organic-cotton-short-sleeve-tee"::::"econscious-men-s-100-organic-cotton-short-sleeve-tee-15":19.99:1:"Enabled":"Econscious Men's 100% Organic Cotton Short Sleeve Tee-Cardinal-XX Large":
"simple":"ECON-MSSTEE-Earth-Small"::0:"Econscious Men's 100% Organic Cotton Short Sleeve Tee-Earth-Small":"econscious-men-s-100-organic-cotton-short-sleeve-tee"::::"econscious-men-s-100-organic-cotton-short-sleeve-tee-16":19.99:1:"Enabled":"Econscious Men's 100% Organic Cotton Short Sleeve Tee-Earth-Small":
"simple":"ECON-MSSTEE-Earth-Medium"::0:"Econscious Men's 100% Organic Cotton Short Sleeve Tee-Earth-Medium":"econscious-men-s-100-organic-cotton-short-sleeve-tee"::::"econscious-men-s-100-organic-cotton-short-sleeve-tee-17":19.99:1:"Enabled":"Econscious Men's 100% Organic Cotton Short Sleeve Tee-Earth-Medium":
"simple":"ECON-MSSTEE-Earth-Large"::0:"Econscious Men's 100% Organic Cotton Short Sleeve Tee-Earth-Large":"econscious-men-s-100-organic-cotton-short-sleeve-tee"::::"econscious-men-s-100-organic-cotton-short-sleeve-tee-18":19.99:1:"Enabled":"Econscious Men's 100% Organic Cotton Short Sleeve Tee-Earth-Large":
"simple":"ECON-MSSTEE-Earth-X Large"::0:"Econscious Men's 100% Organic Cotton Short Sleeve Tee-Earth-X Large":"econscious-men-s-100-organic-cotton-short-sleeve-tee"::::"econscious-men-s-100-organic-cotton-short-sleeve-tee-19":19.99:1:"Enabled":"Econscious Men's 100% Organic Cotton Short Sleeve Tee-Earth-X Large":
"simple":"ECON-MSSTEE-Earth-XX Large"::0:"Econscious Men's 100% Organic Cotton Short Sleeve Tee-Earth-XX Large":"econscious-men-s-100-organic-cotton-short-sleeve-tee"::::"econscious-men-s-100-organic-cotton-short-sleeve-tee-20":19.99:1:"Enabled":"Econscious Men's 100% Organic Cotton Short Sleeve Tee-Earth-XX Large":
"simple":"ECON-MSSTEE-Natural-Small"::0:"Econscious Men's 100% Organic Cotton Short Sleeve Tee-Natural-Small":"econscious-men-s-100-organic-cotton-short-sleeve-tee"::::"econscious-men-s-100-organic-cotton-short-sleeve-tee-21":19.99:1:"Enabled":"Econscious Men's 100% Organic Cotton Short Sleeve Tee-Natural-Small":
"simple":"ECON-MSSTEE-Natural-Medium"::0:"Econscious Men's 100% Organic Cotton Short Sleeve Tee-Natural-Medium":"econscious-men-s-100-organic-cotton-short-sleeve-tee"::::"econscious-men-s-100-organic-cotton-short-sleeve-tee-22":19.99:1:"Enabled":"Econscious Men's 100% Organic Cotton Short Sleeve Tee-Natural-Medium":
"simple":"ECON-MSSTEE-Natural-Large"::0:"Econscious Men's 100% Organic Cotton Short Sleeve Tee-Natural-Large":"econscious-men-s-100-organic-cotton-short-sleeve-tee"::::"econscious-men-s-100-organic-cotton-short-sleeve-tee-23":19.99:1:"Enabled":"Econscious Men's 100% Organic Cotton Short Sleeve Tee-Natural-Large":
"simple":"ECON-MSSTEE-Natural-X Large"::0:"Econscious Men's 100% Organic Cotton Short Sleeve Tee-Natural-X Large":"econscious-men-s-100-organic-cotton-short-sleeve-tee"::::"econscious-men-s-100-organic-cotton-short-sleeve-tee-24":19.99:1:"Enabled":"Econscious Men's 100% Organic Cotton Short Sleeve Tee-Natural-X Large":
"simple":"ECON-MSSTEE-Natural-XX Large"::0:"Econscious Men's 100% Organic Cotton Short Sleeve Tee-Natural-XX Large":"econscious-men-s-100-organic-cotton-short-sleeve-tee"::::"econscious-men-s-100-organic-cotton-short-sleeve-tee-25":19.99:1:"Enabled":"Econscious Men's 100% Organic Cotton Short Sleeve Tee-Natural-XX Large":
"simple":"ECON-MSSTEE-Pacific-Small"::0:"Econscious Men's 100% Organic Cotton Short Sleeve Tee-Pacific-Small":"econscious-men-s-100-organic-cotton-short-sleeve-tee"::::"econscious-men-s-100-organic-cotton-short-sleeve-tee-26":19.99:1:"Enabled":"Econscious Men's 100% Organic Cotton Short Sleeve Tee-Pacific-Small":
"simple":"ECON-MSSTEE-Pacific-Medium"::0:"Econscious Men's 100% Organic Cotton Short Sleeve Tee-Pacific-Medium":"econscious-men-s-100-organic-cotton-short-sleeve-tee"::::"econscious-men-s-100-organic-cotton-short-sleeve-tee-27":19.99:1:"Enabled":"Econscious Men's 100% Organic Cotton Short Sleeve Tee-Pacific-Medium":
"simple":"ECON-MSSTEE-Pacific-Large"::0:"Econscious Men's 100% Organic Cotton Short Sleeve Tee-Pacific-Large":"econscious-men-s-100-organic-cotton-short-sleeve-tee"::::"econscious-men-s-100-organic-cotton-short-sleeve-tee-28":19.99:1:"Enabled":"Econscious Men's 100% Organic Cotton Short Sleeve Tee-Pacific-Large":
"simple":"ECON-MSSTEE-Pacific-X Large"::0:"Econscious Men's 100% Organic Cotton Short Sleeve Tee-Pacific-X Large":"econscious-men-s-100-organic-cotton-short-sleeve-tee"::::"econscious-men-s-100-organic-cotton-short-sleeve-tee-29":19.99:1:"Enabled":"Econscious Men's 100% Organic Cotton Short Sleeve Tee-Pacific-X Large":
"simple":"ECON-MSSTEE-Pacific-XX Large"::0:"Econscious Men's 100% Organic Cotton Short Sleeve Tee-Pacific-XX Large":"econscious-men-s-100-organic-cotton-short-sleeve-tee"::::"econscious-men-s-100-organic-cotton-short-sleeve-tee-30":19.99:1:"Enabled":"Econscious Men's 100% Organic Cotton Short Sleeve Tee-Pacific-XX Large":
"simple":"ECON-MSSTEE-White-Small"::0:"Econscious Men's 100% Organic Cotton Short Sleeve Tee-White-Small":"econscious-men-s-100-organic-cotton-short-sleeve-tee"::::"econscious-men-s-100-organic-cotton-short-sleeve-tee-31":19.99:1:"Enabled":"Econscious Men's 100% Organic Cotton Short Sleeve Tee-White-Small":
"simple":"ECON-MSSTEE-White-Medium"::0:"Econscious Men's 100% Organic Cotton Short Sleeve Tee-White-Medium":"econscious-men-s-100-organic-cotton-short-sleeve-tee"::::"econscious-men-s-100-organic-cotton-short-sleeve-tee-32":19.99:1:"Enabled":"Econscious Men's 100% Organic Cotton Short Sleeve Tee-White-Medium":
"simple":"ECON-MSSTEE-White-Large"::0:"Econscious Men's 100% Organic Cotton Short Sleeve Tee-White-Large":"econscious-men-s-100-organic-cotton-short-sleeve-tee"::::"econscious-men-s-100-organic-cotton-short-sleeve-tee-33":19.99:1:"Enabled":"Econscious Men's 100% Organic Cotton Short Sleeve Tee-White-Large":
"simple":"ECON-MSSTEE-White-X Large"::0:"Econscious Men's 100% Organic Cotton Short Sleeve Tee-White-X Large":"econscious-men-s-100-organic-cotton-short-sleeve-tee"::::"econscious-men-s-100-organic-cotton-short-sleeve-tee-34":19.99:1:"Enabled":"Econscious Men's 100% Organic Cotton Short Sleeve Tee-White-X Large":
"simple":"ECON-MSSTEE-White-XX Large"::0:"Econscious Men's 100% Organic Cotton Short Sleeve Tee-White-XX Large":"econscious-men-s-100-organic-cotton-short-sleeve-tee"::::"econscious-men-s-100-organic-cotton-short-sleeve-tee-35":19.99:1:"Enabled":"Econscious Men's 100% Organic Cotton Short Sleeve Tee-White-XX Large":
"configurable":"ECON-HOOD":9:1:"Econscious Men's 80% Organic Cotton 20% Polyester Fleece Zip Hoody":"econscious-men-s-80-organic-cotton-20-polyester-fleece-zip-hoody":"/f/i/file_11.jpg":"/f/i/file_11.jpg":"/f/i/file_11.jpg":"econscious-men-s-80-organic-cotton-20-polyester-fleece-zip-hoody":44.99::"Enabled":"Econscious Men's 80% Organic Cotton 20% Polyester Fleece Zip Hoody":
"simple":"ECON-HOOD-Black-Small"::0:"Econscious Men's 80% Organic Cotton 20% Polyester Fleece Zip Hoody-Black-Small":"econscious-men-s-80-organic-cotton-20-polyester-fleece-zip-hoody"::::"econscious-men-s-80-organic-cotton-20-polyester-fleece-zip-hoody-1":44.99:2:"Enabled":"Econscious Men's 80% Organic Cotton 20% Polyester Fleece Zip Hoody-Black-Small":
"simple":"ECON-HOOD-Black-Medium"::0:"Econscious Men's 80% Organic Cotton 20% Polyester Fleece Zip Hoody-Black-Medium":"econscious-men-s-80-organic-cotton-20-polyester-fleece-zip-hoody"::::"econscious-men-s-80-organic-cotton-20-polyester-fleece-zip-hoody-2":44.99:2:"Enabled":"Econscious Men's 80% Organic Cotton 20% Polyester Fleece Zip Hoody-Black-Medium":
"simple":"ECON-HOOD-Black-Large"::0:"Econscious Men's 80% Organic Cotton 20% Polyester Fleece Zip Hoody-Black-Large":"econscious-men-s-80-organic-cotton-20-polyester-fleece-zip-hoody"::::"econscious-men-s-80-organic-cotton-20-polyester-fleece-zip-hoody-3":44.99:2:"Enabled":"Econscious Men's 80% Organic Cotton 20% Polyester Fleece Zip Hoody-Black-Large":
"simple":"ECON-HOOD-Black-X Large"::0:"Econscious Men's 80% Organic Cotton 20% Polyester Fleece Zip Hoody-Black-X Large":"econscious-men-s-80-organic-cotton-20-polyester-fleece-zip-hoody"::::"econscious-men-s-80-organic-cotton-20-polyester-fleece-zip-hoody-4":44.99:2:"Enabled":"Econscious Men's 80% Organic Cotton 20% Polyester Fleece Zip Hoody-Black-X Large":
"simple":"ECON-HOOD-Black-XX Large"::0:"Econscious Men's 80% Organic Cotton 20% Polyester Fleece Zip Hoody-Black-XX Large":"econscious-men-s-80-organic-cotton-20-polyester-fleece-zip-hoody"::::"econscious-men-s-80-organic-cotton-20-polyester-fleece-zip-hoody-5":44.99:2:"Enabled":"Econscious Men's 80% Organic Cotton 20% Polyester Fleece Zip Hoody-Black-XX Large":
"simple":"ECON-HOOD-Earth-Small"::0:"Econscious Men's 80% Organic Cotton 20% Polyester Fleece Zip Hoody-Earth-Small":"econscious-men-s-80-organic-cotton-20-polyester-fleece-zip-hoody"::::"econscious-men-s-80-organic-cotton-20-polyester-fleece-zip-hoody-6":44.99:2:"Enabled":"Econscious Men's 80% Organic Cotton 20% Polyester Fleece Zip Hoody-Earth-Small":
"simple":"ECON-HOOD-Earth-Medium"::0:"Econscious Men's 80% Organic Cotton 20% Polyester Fleece Zip Hoody-Earth-Medium":"econscious-men-s-80-organic-cotton-20-polyester-fleece-zip-hoody"::::"econscious-men-s-80-organic-cotton-20-polyester-fleece-zip-hoody-7":44.99:2:"Enabled":"Econscious Men's 80% Organic Cotton 20% Polyester Fleece Zip Hoody-Earth-Medium":
"simple":"ECON-HOOD-Earth-Large"::0:"Econscious Men's 80% Organic Cotton 20% Polyester Fleece Zip Hoody-Earth-Large":"econscious-men-s-80-organic-cotton-20-polyester-fleece-zip-hoody"::::"econscious-men-s-80-organic-cotton-20-polyester-fleece-zip-hoody-8":44.99:2:"Enabled":"Econscious Men's 80% Organic Cotton 20% Polyester Fleece Zip Hoody-Earth-Large":
"simple":"ECON-HOOD-Earth-X Large"::0:"Econscious Men's 80% Organic Cotton 20% Polyester Fleece Zip Hoody-Earth-X Large":"econscious-men-s-80-organic-cotton-20-polyester-fleece-zip-hoody"::::"econscious-men-s-80-organic-cotton-20-polyester-fleece-zip-hoody-9":44.99:2:"Enabled":"Econscious Men's 80% Organic Cotton 20% Polyester Fleece Zip Hoody-Earth-X Large":
"simple":"ECON-HOOD-Earth-XX Large"::0:"Econscious Men's 80% Organic Cotton 20% Polyester Fleece Zip Hoody-Earth-XX Large":"econscious-men-s-80-organic-cotton-20-polyester-fleece-zip-hoody"::::"econscious-men-s-80-organic-cotton-20-polyester-fleece-zip-hoody-10":44.99:2:"Enabled":"Econscious Men's 80% Organic Cotton 20% Polyester Fleece Zip Hoody-Earth-XX Large":
"simple":"ECON-HOOD-Pacific-Small"::0:"Econscious Men's 80% Organic Cotton 20% Polyester Fleece Zip Hoody-Pacific-Small":"econscious-men-s-80-organic-cotton-20-polyester-fleece-zip-hoody"::::"econscious-men-s-80-organic-cotton-20-polyester-fleece-zip-hoody-11":44.99:2:"Enabled":"Econscious Men's 80% Organic Cotton 20% Polyester Fleece Zip Hoody-Pacific-Small":
"simple":"ECON-HOOD-Pacific-Medium"::0:"Econscious Men's 80% Organic Cotton 20% Polyester Fleece Zip Hoody-Pacific-Medium":"econscious-men-s-80-organic-cotton-20-polyester-fleece-zip-hoody"::::"econscious-men-s-80-organic-cotton-20-polyester-fleece-zip-hoody-12":44.99:2:"Enabled":"Econscious Men's 80% Organic Cotton 20% Polyester Fleece Zip Hoody-Pacific-Medium":
"simple":"ECON-HOOD-Pacific-Large"::0:"Econscious Men's 80% Organic Cotton 20% Polyester Fleece Zip Hoody-Pacific-Large":"econscious-men-s-80-organic-cotton-20-polyester-fleece-zip-hoody"::::"econscious-men-s-80-organic-cotton-20-polyester-fleece-zip-hoody-13":44.99:2:"Enabled":"Econscious Men's 80% Organic Cotton 20% Polyester Fleece Zip Hoody-Pacific-Large":
"simple":"ECON-HOOD-Pacific-X Large"::0:"Econscious Men's 80% Organic Cotton 20% Polyester Fleece Zip Hoody-Pacific-X Large":"econscious-men-s-80-organic-cotton-20-polyester-fleece-zip-hoody"::::"econscious-men-s-80-organic-cotton-20-polyester-fleece-zip-hoody-14":44.99:2:"Enabled":"Econscious Men's 80% Organic Cotton 20% Polyester Fleece Zip Hoody-Pacific-X Large":
"simple":"ECON-HOOD-Pacific-XX Large"::0:"Econscious Men's 80% Organic Cotton 20% Polyester Fleece Zip Hoody-Pacific-XX Large":"econscious-men-s-80-organic-cotton-20-polyester-fleece-zip-hoody"::::"econscious-men-s-80-organic-cotton-20-polyester-fleece-zip-hoody-15":44.99:2:"Enabled":"Econscious Men's 80% Organic Cotton 20% Polyester Fleece Zip Hoody-Pacific-XX Large":
"configurable":"ECON-HOODW":9:1:"Econscious Women's 80% Organic Cotton 20% Polyester Fleece Zip Hoody":"econscious-women-s-80-organic-cotton-20-polyester-fleece-zip-hoody":"/f/i/file_2_5.jpg":"/f/i/file_2_5.jpg":"/f/i/file_2_5.jpg":"econscious-women-s-80-organic-cotton-20-polyester-fleece-zip-hoody":44.99::"Enabled":"Econscious Women's 80% Organic Cotton 20% Polyester Fleece Zip Hoody":
"simple":"ECON-HOODW-Black-Small"::0:"Econscious Women's 80% Organic Cotton 20% Polyester Fleece Zip Hoody-Black-Small":"econscious-women-s-80-organic-cotton-20-polyester-fleece-zip-hoody"::::"econscious-women-s-80-organic-cotton-20-polyester-fleece-zip-hoody-1":44.99:2:"Enabled":"Econscious Women's 80% Organic Cotton 20% Polyester Fleece Zip Hoody-Black-Small":
"simple":"ECON-HOODW-Black-Medium"::0:"Econscious Women's 80% Organic Cotton 20% Polyester Fleece Zip Hoody-Black-Medium":"econscious-women-s-80-organic-cotton-20-polyester-fleece-zip-hoody"::::"econscious-women-s-80-organic-cotton-20-polyester-fleece-zip-hoody-2":44.99:2:"Enabled":"Econscious Women's 80% Organic Cotton 20% Polyester Fleece Zip Hoody-Black-Medium":
"simple":"ECON-HOODW-Black-Large"::0:"Econscious Women's 80% Organic Cotton 20% Polyester Fleece Zip Hoody-Black-Large":"econscious-women-s-80-organic-cotton-20-polyester-fleece-zip-hoody"::::"econscious-women-s-80-organic-cotton-20-polyester-fleece-zip-hoody-3":44.99:2:"Enabled":"Econscious Women's 80% Organic Cotton 20% Polyester Fleece Zip Hoody-Black-Large":
"simple":"ECON-HOODW-Black-X Large"::0:"Econscious Women's 80% Organic Cotton 20% Polyester Fleece Zip Hoody-Black-X Large":"econscious-women-s-80-organic-cotton-20-polyester-fleece-zip-hoody"::::"econscious-women-s-80-organic-cotton-20-polyester-fleece-zip-hoody-4":44.99:2:"Enabled":"Econscious Women's 80% Organic Cotton 20% Polyester Fleece Zip Hoody-Black-X Large":
"simple":"ECON-HOODW-Celery-Small"::0:"Econscious Women's 80% Organic Cotton 20% Polyester Fleece Zip Hoody-Celery-Small":"econscious-women-s-80-organic-cotton-20-polyester-fleece-zip-hoody"::::"econscious-women-s-80-organic-cotton-20-polyester-fleece-zip-hoody-5":44.99:2:"Enabled":"Econscious Women's 80% Organic Cotton 20% Polyester Fleece Zip Hoody-Celery-Small":
"simple":"ECON-HOODW-Celery-Medium"::0:"Econscious Women's 80% Organic Cotton 20% Polyester Fleece Zip Hoody-Celery-Medium":"econscious-women-s-80-organic-cotton-20-polyester-fleece-zip-hoody"::::"econscious-women-s-80-organic-cotton-20-polyester-fleece-zip-hoody-6":44.99:2:"Enabled":"Econscious Women's 80% Organic Cotton 20% Polyester Fleece Zip Hoody-Celery-Medium":
"simple":"ECON-HOODW-Celery-Large"::0:"Econscious Women's 80% Organic Cotton 20% Polyester Fleece Zip Hoody-Celery-Large":"econscious-women-s-80-organic-cotton-20-polyester-fleece-zip-hoody"::::"econscious-women-s-80-organic-cotton-20-polyester-fleece-zip-hoody-7":44.99:2:"Enabled":"Econscious Women's 80% Organic Cotton 20% Polyester Fleece Zip Hoody-Celery-Large":
"simple":"ECON-HOODW-Celery-X Large"::0:"Econscious Women's 80% Organic Cotton 20% Polyester Fleece Zip Hoody-Celery-X Large":"econscious-women-s-80-organic-cotton-20-polyester-fleece-zip-hoody"::::"econscious-women-s-80-organic-cotton-20-polyester-fleece-zip-hoody-8":44.99:2:"Enabled":"Econscious Women's 80% Organic Cotton 20% Polyester Fleece Zip Hoody-Celery-X Large":
"simple":"ECON-HOODW-Earth-Small"::0:"Econscious Women's 80% Organic Cotton 20% Polyester Fleece Zip Hoody-Earth-Small":"econscious-women-s-80-organic-cotton-20-polyester-fleece-zip-hoody"::::"econscious-women-s-80-organic-cotton-20-polyester-fleece-zip-hoody-9":44.99:2:"Enabled":"Econscious Women's 80% Organic Cotton 20% Polyester Fleece Zip Hoody-Earth-Small":
"simple":"ECON-HOODW-Earth-Medium"::0:"Econscious Women's 80% Organic Cotton 20% Polyester Fleece Zip Hoody-Earth-Medium":"econscious-women-s-80-organic-cotton-20-polyester-fleece-zip-hoody"::::"econscious-women-s-80-organic-cotton-20-polyester-fleece-zip-hoody-10":44.99:2:"Enabled":"Econscious Women's 80% Organic Cotton 20% Polyester Fleece Zip Hoody-Earth-Medium":
"simple":"ECON-HOODW-Earth-Large"::0:"Econscious Women's 80% Organic Cotton 20% Polyester Fleece Zip Hoody-Earth-Large":"econscious-women-s-80-organic-cotton-20-polyester-fleece-zip-hoody"::::"econscious-women-s-80-organic-cotton-20-polyester-fleece-zip-hoody-11":44.99:2:"Enabled":"Econscious Women's 80% Organic Cotton 20% Polyester Fleece Zip Hoody-Earth-Large":
"simple":"ECON-HOODW-Earth-X Large"::0:"Econscious Women's 80% Organic Cotton 20% Polyester Fleece Zip Hoody-Earth-X Large":"econscious-women-s-80-organic-cotton-20-polyester-fleece-zip-hoody"::::"econscious-women-s-80-organic-cotton-20-polyester-fleece-zip-hoody-12":44.99:2:"Enabled":"Econscious Women's 80% Organic Cotton 20% Polyester Fleece Zip Hoody-Earth-X Large":
"configurable":"Haier-Fridge":"13,19":1:"Haier ENERGY STAR Qualified Compact Refrigerator/Freezer":"haier-energy-starr-qualified-compact-refrigerator-freezer":"/h/a/haier-energy-star-refridgerator-back.jpg":"/h/a/haier-energy-star-refridgerator-back.jpg":"/h/a/haier-energy-star-refridgerator-back.jpg":"haier-energy-starr-qualified-compact-refrigerator-freezer":199.99::"Enabled":"Haier ENERGY STAR Qualified Compact Refrigerator/Freezer":
"simple":"Haier-Fridge-Black"::0:"Haier ENERGY STAR Qualified Compact Refrigerator/Freezer-Black":"haier-energy-starr-qualified-compact-refrigerator-freezer"::::"haier-energy-starr-qualified-compact-refrigerator-freezer-1":199.99:40:"Enabled":"Haier ENERGY STAR Qualified Compact Refrigerator/Freezer-Black":
"simple":"Haier-Fridge-White"::0:"Haier ENERGY STAR Qualified Compact Refrigerator/Freezer-White":"haier-energy-starr-qualified-compact-refrigerator-freezer"::::"haier-energy-starr-qualified-compact-refrigerator-freezer-2":199.99:40:"Enabled":"Haier ENERGY STAR Qualified Compact Refrigerator/Freezer-White":
"simple":"Haier-Fridge-18":"13,19":0:"Haeir 18 Cu. Ft. Silver ENERGY STAR Refrigerator":"haeir-18-cu-ft-silver-energy-starr-refrigerator":"/h/a/haier-energy-star-refridgerator-18.jpg":"/h/a/haier-energy-star-refridgerator-18.jpg":"/h/a/haier-energy-star-refridgerator-18.jpg":"haeir-18-cu-ft-silver-energy-starr-refrigerator":499.99:245:"Enabled":"Haeir 18 Cu. Ft. Silver ENERGY STAR Refrigerator":
"simple":"PAPER-GRAYS-5000W":21:0:"Grays Harbor 100% Recycled Xerographic White Paper - 10 Reams (5000 sheets)":"grays-harbor-100-recycled-xerographic-white-paper-10-reams-5000-sheets":"/g/r/grays-harbor-100-recycled-xerographic-ream.jpg":"/g/r/grays-harbor-100-recycled-xerographic-ream.jpg":"/g/r/grays-harbor-100-recycled-xerographic-ream.jpg":"grays-harbor-100-recycled-xerographic-white-paper-10-reams-5000-sheets":59.99:55:"Enabled":"Grays Harbor 100% Recycled Xerographic White Paper - 10 Reams (5000 sheets)":
"simple":"Brita-42629":"13,15":0:"Brita 42629 Slim Water Filer Pitcher":"brita-42629-slim-water-filer-pitcher":"/b/r/brita-42629-water-filer.jpg":"/b/r/brita-42629-water-filer.jpg":"/b/r/brita-42629-water-filer.jpg":"brita-42629-slim-water-filer-pitcher":19.99:3:"Enabled":"Brita 42629 Slim Water Filer Pitcher":
"simple":"TrickleSaver-PC":"6,23":0:"TrickleSaver PC Power Stip with Auto Switching Technology":"tricklesaver-pc":"/t/r/trickle-star-pc.jpg":"/t/r/trickle-star-pc.jpg":"/t/r/trickle-star-pc.jpg":"tricklesaver-pc":24.95:2:"Enabled":"TrickleSaver PC Power Stip with Auto Switching Technology":
"simple":"TrickleSaver-TV":23:0:"TrickleSaver TV Power Stip with Auto Switching Technology":"tricklesaver-tv":"/t/r/trickle-star-tv.jpg":"/t/r/trickle-star-tv.jpg":"/t/r/trickle-star-tv.jpg":"tricklesaver-tv":34.95:2:"Enabled":"TrickleSaver TV Power Stip with Auto Switching Technology":
"simple":"Belkin-Conserve":"6,23":0:"Belkin Conserve Surge Protector with Timer":"belkin-conserve-surge-protector-with-timer":"/b/e/belkin-conserve-surge-with-time.png":"/b/e/belkin-conserve-surge-with-time.png":"/b/e/belkin-conserve-surge-with-time.png":"belkin-conserve-surge-protector-with-timer":49.99:2:"Enabled":"Belkin Conserve Surge Protector with Timer":
"simple":"GPS-nuvi-205":"6,26":0:"Garmin nvi 205 Navigator with ecoRoute":"garmin-nuvi-205-navigator-with-eco-route":"/g/a/garmin-nuvi-205-with-eco-route.jpg":"/g/a/garmin-nuvi-205-with-eco-route-3.jpg":"/g/a/garmin-nuvi-205-with-eco-route.jpg":"garmin-nuvi-205-navigator-with-eco-route":129.99:2:"Enabled":"Garmin nvi 205 Navigator with ecoRoute":"Garmin"
"simple":"GPS-nuvi-1200":"6,26":0:"Garmin nvi 1200 Navigator with ecoRoute":"garmin-nuvi-1200-navigator-with-eco-route":"/g/a/garmin-nuvi-1200-with-eco-route.jpg":"/g/a/garmin-nuvi-1200-with-eco-route-2.jpg":"/g/a/garmin-nuvi-1200-with-eco-route.jpg":"garmin-nuvi-1200-navigator-with-eco-route":179.99:2:"Enabled":"Garmin nvi 1200 Navigator with ecoRoute":"Garmin"
"simple":"GPS-nuvi-1300":"6,26":0:"Garmin nvi 1300 Navigator with ecoRoute":"garmin-nuvi-1300-navigator-with-eco-route":"/g/a/garmin-nuvi-1300-with-eco-route.jpg":"/g/a/garmin-nuvi-1300-with-eco-route-2.jpg":"/g/a/garmin-nuvi-1300-with-eco-route.jpg":"garmin-nuvi-1300-navigator-with-eco-route":219.99:2:"Enabled":"Garmin nvi 1300 Navigator with ecoRoute":"Garmin"
"simple":"ECOFAN":21:0:"Macally ECOFAN Bamboo Laptop Stand with Fan":"macally-ecofan-bamboo-laptop-stand-with-fan":"/m/a/macally-ecofan-bamboo-stand-with-fan.jpg":"/m/a/macally-ecofan-bamboo-stand-with-fan.jpg":"/m/a/macally-ecofan-bamboo-stand-with-fan.jpg":"macally-ecofan-bamboo-laptop-stand-with-fan":39.99:3:"Enabled":"Macally ECOFAN Bamboo Laptop Stand with Fan":
"simple":"iGo-Power-Tower":"6,23":0:"iGo Power Smart Tower":"igo-power-smart-tower":"/i/g/igo-green-smart-power-tower.jpg":"/i/g/igo-green-smart-power-tower.jpg":"/i/g/igo-green-smart-power-tower.jpg":"igo-power-smart-tower":89.99:2:"Enabled":"iGo Power Smart Tower":"iGo Green"
"simple":"iGo-Power-Wall":"6,23":0:"iGo Power Smart Wall":"igo-power-smart-wall":"/p/o/power-smart-wall.jpg":"/p/o/power-smart-wall.jpg":"/p/o/power-smart-wall.jpg":"igo-power-smart-wall":39.99:2:"Enabled":"iGo Power Smart Wall":"iGo Green"
"simple":"Igo-Laptop-Charger":"6,23":0:"iGo Green Laptop Charger":"igo-green-laptop-charger":"/i/g/igo-green-smart-laptop-charger.jpg":"/i/g/igo-green-smart-laptop-charger-2.jpg":"/i/g/igo-green-smart-laptop-charger.jpg":"igo-green-laptop-charger":99.99:2:"Enabled":"iGo Green Laptop Charger":"iGo Green"
"simple":"Eco-Coffee":"13,15,21":0:"Eco Coffee Cup":"eco-coffee-cup":"/e/c/eco-coffee-cup.jpg":"/e/c/eco-coffee-cup.jpg":"/e/c/eco-coffee-cup.jpg":"eco-coffee-cup":19.99:1:"Enabled":"Eco Coffee Cup":
